{"stats":{"minecraft:custom":{"minecraft:time_since_rest":1347,"minecraft:crouch_one_cm":389,"minecraft:play_time":16572,"minecraft:sprint_one_cm":24813,"minecraft:walk_one_cm":15892,"minecraft:damage_taken":1526,"minecraft:deaths":6,"minecraft:sneak_time":155,"minecraft:walk_under_water_one_cm":1055,"minecraft:jump":426,"minecraft:damage_dealt":121,"minecraft:leave_game":1,"minecraft:time_since_death":1305,"minecraft:walk_on_water_one_cm":3027,"minecraft:total_world_time":16572,"minecraft:climb_one_cm":425,"minecraft:swim_one_cm":8048,"minecraft:fly_one_cm":57571,"minecraft:fall_one_cm":17046},"minecraft:killed_by":{"minecraft:player":4},"minecraft:crafted":{"minecraft:jungle_planks":4},"minecraft:picked_up":{"alexsmobs:roadrunner_boots":1,"minecraft:stick":1,"minecraft:jungle_log":4,"minecraft:wheat_seeds":2,"alexsmobs:crocodile_chestplate":1,"alexsmobs:skelewag_sword":1,"minecraft:birch_sapling":1},"minecraft:mined":{"minecraft:grass":6,"minecraft:vine":1,"minecraft:jungle_log":5,"minecraft:oak_leaves":1,"minecraft:fern":2},"minecraft:used":{"alexsmobs:skelewag_sword":4,"alexsmobs:crocodile_chestplate":1,"alexsmobs:roadrunner_boots":1}},"DataVersion":3465}