{"stats":{"minecraft:custom":{"minecraft:interact_with_crafting_table":251,"minecraft:open_barrel":21,"minecraft:leave_game":48,"minecraft:time_since_death":536983,"minecraft:damage_blocked_by_shield":7755,"minecraft:play_time":2016529,"minecraft:deaths":3,"minecraft:jump":21034,"minecraft:enchant_item":31,"minecraft:interact_with_furnace":159,"minecraft:play_record":3,"minecraft:traded_with_villager":1159,"minecraft:sleep_in_bed":60,"minecraft:waystone_activated":26,"minecraft:damage_dealt":202964,"minecraft:interact_with_smithing_table":5,"minecraft:interact_with_anvil":37,"minecraft:inspect_hopper":22,"minecraft:sneak_time":48850,"minecraft:interact_with_blast_furnace":39,"minecraft:total_world_time":2016529,"minecraft:interact_with_stonecutter":26,"minecraft:time_since_rest":50642,"minecraft:swim_one_cm":32051,"minecraft:fly_one_cm":4359361,"minecraft:open_chest":1561,"minecraft:fall_one_cm":502416,"lootr:looted_stat":81,"minecraft:damage_resisted":55,"minecraft:sprint_one_cm":5233293,"minecraft:drop":168,"minecraft:talked_to_villager":703,"minecraft:interact_with_brewingstand":41,"minecraft:walk_on_water_one_cm":239429,"minecraft:player_kills":4,"minecraft:crouch_one_cm":133396,"minecraft:mob_kills":1191,"minecraft:damage_dealt_resisted":4509,"minecraft:climb_one_cm":5596,"minecraft:walk_one_cm":3419481,"minecraft:walk_under_water_one_cm":12386,"minecraft:boat_one_cm":390015,"minecraft:interact_with_grindstone":11,"minecraft:damage_taken":12311,"minecraft:damage_absorbed":413},"minecraft:dropped":{"minecraft:glass_bottle":6,"minecraft:diamond":1,"cataclysm:music_disc_the_harbinger":1,"minecraft:bone_meal":45,"minecraft:bone":5,"minecraft:cobbled_deepslate":2767,"minecraft:rotten_flesh":14,"minecraft:oak_planks":3,"simplyswords:diamond_twinblade":1,"minecraft:tipped_arrow":1,"minecraft:deepslate_tiles":2,"apotheosis:gem":8,"reliquary:glacial_staff":1,"minecraft:wheat_seeds":4,"minecraft:cobblestone":23,"minecraft:apple":1,"minecraft:coal":3,"minecraft:iron_shovel":1,"minecraft:string":2,"reliquary:rib_bone":1,"minecraft:stone_brick_slab":1,"minecraft:lily_of_the_valley":2,"minecraft:cobblestone_slab":3,"minecraft:flower_pot":1,"minecraft:redstone_torch":2,"travelersbackpack:standard":1,"minecraft:flint":8,"minecraft:mutton":2,"minecraft:gravel":57,"minecraft:blackstone":30,"gobber2:gobber2_hammer_nether":1,"minecraft:netherrack":640,"minecraft:bread":1,"minecraft:poisonous_potato":2,"cataclysm:void_core":1,"minecraft:tuff":182,"minecraft:calcite":1},"minecraft:picked_up":{"torchmaster:feral_flare_lantern":5,"minecraft:prismarine_shard":2,"minecraft:flower_pot":10,"minecraft:anvil":1,"minecraft:smithing_table":1,"minecraft:lead":4,"minecraft:brewing_stand":1,"minecraft:golden_sword":2,"minecraft:amethyst_block":26,"minecraft:string":11,"gobber2:gobber2_glass_nether":4,"minecraft:gold_nugget":200,"minecraft:cobbled_deepslate":11840,"minecraft:spruce_planks":17,"minecraft:melon_slice":73,"minecraft:golden_helmet":1,"born_in_chaos_v1:shattered_skull":6,"born_in_chaos_v1:pileof_dark_metal":1,"born_in_chaos_v1:fel_soil":5,"minecraft:golden_chestplate":1,"minecraft:orange_bed":9,"minecraft:stone_sword":2,"minecraft:iron_block":2,"minecraft:carved_pumpkin":7,"minecraft:glowstone":43,"minecraft:blaze_rod":11,"minecraft:iron_bars":5,"minecraft:birch_log":33,"minecraft:magma_block":44,"minecraft:cooked_beef":5,"reliquary:molten_core":3,"minecraft:flint":82,"gobber2:gobber2_gooey_bread_nether":7,"prettypipes:crafting_terminal":2,"minecraft:chipped_anvil":4,"minecraft:stonecutter":2,"gobber2:gobber2_globette":305,"minecraft:ink_sac":1,"minecraft:deepslate":127,"cataclysm:mech_eye":20,"artifacts:crystal_heart":1,"minecraft:lever":19,"minecraft:granite":402,"minecraft:bread":1,"minecraft:light_gray_carpet":3,"reliquary:witch_hat":1,"born_in_chaos_v1:rotten_fish":9,"minecraft:crafting_table":10,"minecraft:bee_nest":2,"minecraft:nether_wart":30,"minecraft:clay_ball":2,"minecraft:redstone_lamp":14,"minecraft:leather_leggings":1,"travelersbackpack:sandstone":1,"minecraft:white_carpet":9,"born_in_chaos_v1:intoxicating_decoction":1,"minecraft:iron_shovel":1,"apotheosis:gem_cutting_table":1,"minecraft:cracked_stone_bricks":3,"minecraft:beef":18,"born_in_chaos_v1:gnawed_bones":1,"minecraft:spruce_slab":1,"minecraft:chest":89,"minecraft:birch_sapling":1,"minecraft:egg":1,"minecraft:stone":70,"reliquary:rib_bone":2,"minecraft:spruce_fence":2,"born_in_chaos_v1:pieceofdarkmetal":10,"minecraft:carrot":509,"minecraft:redstone":634,"minecraft:tnt":31,"minecraft:diamond_chestplate":1,"gobber2:gobber2_gooey_beef_nether":8,"minecraft:hay_block":51,"born_in_chaos_v1:spiny_shell":19,"minecraft:gold_ingot":1,"minecraft:mutton":26,"minecraft:white_wool":12,"minecraft:stripped_oak_log":18,"born_in_chaos_v1:pumpkin_staff":1,"minecraft:oak_log":129,"minecraft:ancient_debris":2,"minecraft:spawner":8,"born_in_chaos_v1:soul_cutlass":2,"minecraft:apple":5,"minecraft:stone_bricks":3,"minecraft:iron_ore":12,"gobber2:gobber2_gooey_beefstew_nether":3,"minecraft:glass_bottle":6,"apotheosis:gem_dust":6,"elevatorid:elevator_white":1,"born_in_chaos_v1:ethereal_spirit":1,"minecraft:gravel":849,"minecraft:spruce_sapling":493,"minecraft:spruce_log":4291,"travelersbackpack:standard":1,"minecraft:slime_ball":1,"born_in_chaos_v1:pile_of_skulls":1,"gobber2:gobber2_hammer_nether":1,"gobber2:gobber2_goo_nether":9,"minecraft:hopper":37,"minecraft:ender_pearl":9,"minecraft:wheat":172,"minecraft:redstone_block":5,"minecraft:potion":1,"born_in_chaos_v1:black_argillite":4,"minecraft:raw_copper":170,"simplyswords:diamond_twinblade":1,"minecraft:oak_hanging_sign":5,"minecraft:deepslate_tiles":84,"minecraft:comparator":8,"reliquary:zombie_heart":1,"minecraft:bucket":1,"minecraft:cobblestone_slab":170,"minecraft:redstone_torch":46,"minecraft:calcite":7,"minecraft:furnace":7,"minecraft:iron_boots":1,"minecraft:tipped_arrow":22,"minecraft:stick":383,"apotheosis:gem":49,"minecraft:torch":224,"minecraft:porkchop":8,"minecraft:diorite":915,"gobber2:gobber2_foo":12,"minecraft:cactus":3,"minecraft:rotten_flesh":26,"reliquary:mob_charm_fragment":3,"minecraft:obsidian":41,"minecraft:cobblestone":6301,"cataclysm:music_disc_the_harbinger":4,"minecraft:magma_cream":1,"minecraft:repeater":19,"minecraft:andesite":613,"minecraft:golden_leggings":1,"minecraft:potato":589,"minecraft:tuff":630,"minecraft:wither_skeleton_skull":1,"minecraft:lapis_lazuli":203,"minecraft:dirt":210,"minecraft:bone":113,"minecraft:bow":2,"gobber2:gobber2_gooey_beef":29,"minecraft:wheat_seeds":531,"minecraft:raw_gold":102,"minecraft:mossy_stone_bricks":8,"minecraft:oak_planks":7,"gobber2:gobber2_gooey_bread":38,"gobber2:gobber2_rod_nether":10,"minecraft:cooked_porkchop":10,"artifacts:rooted_boots":1,"minecraft:poisonous_potato":3,"torchmaster:megatorch":3,"minecraft:sand":124,"minecraft:grass_block":1,"minecraft:lily_of_the_valley":13,"minecraft:mossy_cobblestone":1,"born_in_chaos_v1:fire_dust":6,"minecraft:diamond":45,"waystones:waystone":25,"minecraft:crossbow":1,"minecraft:bone_meal":45,"minecraft:emerald":11,"minecraft:oak_sapling":22,"minecraft:netherrack":3665,"gobber2:gobber2_goo":39,"minecraft:nether_star":2,"minecraft:charcoal":2,"born_in_chaos_v1:diamond_termite_shard":2,"minecraft:brown_mushroom":5,"apotheosis:salvaging_table":1,"minecraft:gold_block":2,"minecraft:iron_axe":1,"minecraft:item_frame":25,"minecraft:blackstone":159,"reliquary:chelicerae":1,"improvableskills:scroll_normal":10,"minecraft:oak_boat":15,"minecraft:light_gray_wool":1,"minecraft:lectern":386,"minecraft:sugar_cane":260,"minecraft:raw_iron":369,"cataclysm:witherite_block":1,"gobber2:gobber2_globette_nether":72,"minecraft:weeping_vines":4,"minecraft:arrow":23,"minecraft:jungle_stairs":1,"minecraft:nether_bricks":52,"artifacts:running_shoes":1,"born_in_chaos_v1:trident_hayfork":1,"minecraft:skeleton_skull":1,"minecraft:wet_sponge":14,"born_in_chaos_v1:corpse_maggot":4,"minecraft:basalt":223,"artifacts:digging_claws":1,"gobber2:gobber2_gooey_beefstew":10,"minecraft:leather":14,"artifacts:anglers_hat":1,"artifacts:onion_ring":2,"artifacts:cloud_in_a_bottle":1,"minecraft:cobblestone_stairs":6,"minecraft:deepslate_tile_slab":13,"apotheosis:warden_tendril":2,"minecraft:cooked_mutton":3,"cataclysm:music_disc_the_leviathan":1,"cataclysm:void_core":3,"minecraft:iron_ingot":19,"artifacts:whoopee_cushion":1,"artifacts:kitty_slippers":1,"born_in_chaos_v1:fel_lamp":1,"minecraft:soul_sand":11,"minecraft:book":273,"minecraft:sculk_catalyst":3,"minecraft:pumpkin":6,"minecraft:stone_brick_slab":6,"minecraft:quartz":55,"minecraft:amethyst_shard":6,"minecraft:blast_furnace":1,"minecraft:white_bed":1,"minecraft:spider_eye":3,"minecraft:pumpkin_seeds":75,"minecraft:iron_helmet":1,"minecraft:damaged_anvil":1,"minecraft:coal":111},"minecraft:used":{"minecraft:spruce_slab":19,"minecraft:chest":135,"minecraft:stone":36,"simplyswords:diamond_twinblade":1789,"gobber2:gobber2_goo_nether":9,"minecraft:soul_sand":15,"minecraft:skeleton_spawn_egg":1,"born_in_chaos_v1:soul_cutlass":21,"minecraft:lava_bucket":4,"minecraft:villager_spawn_egg":5,"minecraft:bow":30,"minecraft:furnace":9,"minecraft:oak_sapling":19,"minecraft:egg":1,"minecraft:potato":213,"minecraft:diorite":2,"cataclysm:mech_eye":20,"minecraft:wooden_pickaxe":20,"elevatorid:elevator_white":6,"minecraft:golden_apple":11,"minecraft:blast_furnace":2,"minecraft:deepslate_tiles":1299,"gobber2:gobber2_gooey_beefstew":8,"gobber2:gobber2_axe":206,"minecraft:lectern":399,"minecraft:smithing_table":1,"minecraft:oak_boat":15,"travelersbackpack:sandstone":1,"minecraft:oak_hanging_sign":19,"minecraft:oak_trapdoor":9,"minecraft:enchanting_table":1,"gobber2:gobber2_pickaxe_nether":8839,"cataclysm:ender_golem_spawn_egg":2,"minecraft:netherrack":84,"minecraft:orange_bed":9,"minecraft:torch":528,"minecraft:brewing_stand":3,"minecraft:anvil":3,"minecraft:chipped_anvil":4,"minecraft:iron_axe":408,"minecraft:spawner":6,"apotheosis:gem_cutting_table":2,"gobber2:gobber2_staff_ensnarement":12,"minecraft:diamond_chestplate":1,"minecraft:beef":4,"cataclysm:nameless_sorcerer_spawn_egg":1,"torchmaster:megatorch":6,"minecraft:cobbled_deepslate":478,"minecraft:golden_axe":1,"minecraft:wheat_seeds":185,"minecraft:water_bucket":205,"minecraft:fletching_table":4,"minecraft:deepslate_bricks":3,"minecraft:comparator":8,"minecraft:tnt":27,"minecraft:crafting_table":12,"cataclysm:music_disc_the_harbinger":2,"minecraft:white_bed":2,"minecraft:spruce_log":15,"minecraft:oak_log":18,"minecraft:diamond_pickaxe":918,"apotheosis:hellshelf":8,"travelersbackpack:bookshelf":1,"minecraft:iron_pickaxe":829,"minecraft:spruce_sapling":195,"minecraft:cobblestone":1310,"travelersbackpack:standard":14,"minecraft:cooked_porkchop":8,"minecraft:glass_pane":61,"minecraft:jukebox":1,"gobber2:gobber2_gooey_beef_nether":10,"gobber2:gobber2_goo":29,"minecraft:iron_shovel":2309,"born_in_chaos_v1:intoxicating_decoction":1,"gobber2:gobber2_gooey_bread":29,"minecraft:shield":123,"minecraft:iron_sword":200,"minecraft:nether_wart":12,"minecraft:stray_spawn_egg":2,"minecraft:carrot":187,"minecraft:deepslate_tile_slab":687,"gobber2:gobber2_glass_nether":4,"minecraft:obsidian":14,"minecraft:lantern":9,"minecraft:iron_helmet":1,"minecraft:item_frame":3,"minecraft:repeater":23,"minecraft:redstone_lamp":21,"minecraft:hay_block":1,"apotheosis:salvaging_table":2,"minecraft:wither_skeleton_skull":6,"minecraft:stone_pickaxe":334,"minecraft:oak_planks":13,"minecraft:redstone_block":5,"minecraft:sugar_cane":6,"minecraft:sponge":14,"cataclysm:music_disc_the_leviathan":1,"gobber2:gobber2_gooey_bread_nether":9,"minecraft:shears":6,"minecraft:redstone_torch":44,"waystones:waystone":25,"minecraft:lever":21,"minecraft:melon_slice":73,"minecraft:bread":173,"minecraft:deepslate":64,"minecraft:gravel":151,"apotheosis:reforging_table":1,"minecraft:golden_helmet":1,"minecraft:grindstone":1,"minecraft:andesite":13,"minecraft:bone_meal":271,"minecraft:flint_and_steel":48,"minecraft:stone_shovel":4,"minecraft:redstone":148,"minecraft:dirt":34,"apotheosis:glowing_hellshelf":9,"minecraft:hopper":49,"minecraft:bee_nest":2,"artifacts:onion_ring":1,"minecraft:spruce_fence":16,"prettypipes:crafting_terminal":3,"minecraft:iron_hoe":39,"minecraft:stone_brick_slab":149,"minecraft:wooden_axe":8,"minecraft:bookshelf":42,"gobber2:gobber2_gooey_apple_nether":7,"gobber2:gobber2_gooey_beef":25,"torchmaster:feral_flare_lantern":16,"minecraft:cooked_beef":3,"minecraft:pumpkin":6,"minecraft:cooked_mutton":3,"minecraft:iron_ore":12,"minecraft:cobblestone_stairs":12,"minecraft:glass_bottle":19,"gobber2:gobber2_hammer_nether":2173,"minecraft:stonecutter":3,"born_in_chaos_v1:stimulating_decoction":1,"minecraft:cobblestone_slab":240,"prettypipes:pipe":21,"minecraft:apple":1,"gobber2:gobber2_gooey_beefstew_nether":3,"minecraft:stone_axe":416,"simplyswords:gobber_compat/gobber_nether/gobber_nether_twinblade":273,"minecraft:bucket":213},"minecraft:killed":{"minecraft:cave_spider":2,"born_in_chaos_v1:mr_pumpkin":7,"cataclysm:the_prowler":1,"born_in_chaos_v1:restless_spirit":1,"born_in_chaos_v1:door_knight_not_despawn":1,"born_in_chaos_v1:sir_the_headless":2,"born_in_chaos_v1:pumpkin_spirit":1,"minecraft:zombie_horse":2,"minecraft:skeleton":165,"born_in_chaos_v1:skeleton_thrasher":1,"cataclysm:ender_golem":2,"minecraft:magma_cube":31,"minecraft:pillager":1,"minecraft:donkey":2,"minecraft:zombie":230,"minecraft:cow":8,"born_in_chaos_v1:skeleton_thrasher_not_despawn":3,"born_in_chaos_v1:thornshell_crab":6,"born_in_chaos_v1:firelight":4,"born_in_chaos_v1:pumpkinhead":2,"minecraft:horse":7,"minecraft:warden":1,"born_in_chaos_v1:barrel_zombie":1,"minecraft:husk":2,"cataclysm:the_watcher":10,"minecraft:rabbit":1,"minecraft:wandering_trader":1,"born_in_chaos_v1:decrepit_skeleton":3,"minecraft:enderman":4,"minecraft:zombified_piglin":10,"minecraft:witch":1,"minecraft:spider":8,"cataclysm:the_harbinger":1,"minecraft:wither":2,"born_in_chaos_v1:firelight_not_despawn":1,"artifacts:mimic":11,"minecraft:piglin":2,"minecraft:pig":3,"born_in_chaos_v1:diamond_termite":2,"minecraft:creeper":1,"minecraft:sheep":13,"minecraft:trader_llama":4,"minecraft:stray":532,"minecraft:ghast":2,"minecraft:blaze":25,"born_in_chaos_v1:zombie_clown_not_despawn":1,"born_in_chaos_v1:maggot":34,"cataclysm:nameless_sorcerer":1,"born_in_chaos_v1:felsteed":2,"born_in_chaos_v1:baby_skeleton":1,"minecraft:hoglin":2,"minecraft:wither_skeleton":25},"minecraft:mined":{"minecraft:white_bed":1,"minecraft:carved_pumpkin":6,"minecraft:obsidian":18,"minecraft:granite":128,"torchmaster:feral_flare_lantern":5,"minecraft:hopper":37,"minecraft:nether_wart":16,"minecraft:spawner":27,"minecraft:weeping_vines_plant":2,"minecraft:tall_seagrass":1,"minecraft:magma_block":46,"gobber2:gobber2_ore":30,"minecraft:cobbled_deepslate":163,"minecraft:fire":23,"gobber2:gobber2_ore_nether":9,"minecraft:pumpkin":6,"minecraft:deepslate_lapis_ore":21,"minecraft:sculk_shrieker":3,"minecraft:oak_wall_hanging_sign":5,"minecraft:dirt_path":7,"minecraft:small_amethyst_bud":1,"minecraft:iron_block":2,"minecraft:orange_bed":9,"minecraft:brown_mushroom":6,"minecraft:crimson_nylium":1,"minecraft:amethyst_cluster":3,"minecraft:deepslate_tile_slab":8,"born_in_chaos_v1:infected_deepslate_diamond_ore":2,"minecraft:torch":86,"minecraft:blast_furnace":1,"minecraft:melon":16,"gobber2:gobber2_lucky_block_nether":26,"minecraft:white_stained_glass_pane":1,"minecraft:sugar_cane":42,"minecraft:damaged_anvil":1,"minecraft:amethyst_block":31,"apotheosis:gem_cutting_table":1,"minecraft:skeleton_skull":1,"minecraft:repeater":19,"minecraft:wheat":178,"minecraft:grass":338,"minecraft:smooth_basalt":1,"minecraft:stonecutter":2,"born_in_chaos_v1:infernal_evil_pumpkin_s":2,"minecraft:deepslate":5165,"minecraft:deepslate_tiles":79,"minecraft:mossy_cobblestone":1,"minecraft:nether_bricks":14,"minecraft:spruce_fence":2,"born_in_chaos_v1:black_argillite":4,"born_in_chaos_v1:fel_soil":10,"minecraft:redstone_wire":113,"born_in_chaos_v1:gnawed_bones":1,"minecraft:andesite":245,"minecraft:potatoes":166,"minecraft:cobblestone_slab":143,"minecraft:vine":2,"minecraft:smithing_table":1,"minecraft:light_gray_carpet":3,"minecraft:redstone_block":5,"minecraft:glass_pane":21,"minecraft:comparator":8,"minecraft:soul_sand":12,"minecraft:potted_lily_of_the_valley":13,"minecraft:stone_brick_slab":5,"minecraft:emerald_ore":12,"minecraft:campfire":1,"minecraft:tall_grass":36,"minecraft:copper_ore":31,"minecraft:deepslate_gold_ore":52,"minecraft:diorite":371,"minecraft:white_carpet":9,"minecraft:spruce_log":73,"minecraft:birch_leaves":11,"minecraft:gravel":842,"minecraft:cobweb":6,"minecraft:stone_bricks":4,"apotheosis:salvaging_table":1,"minecraft:chipped_anvil":3,"minecraft:gold_ore":31,"minecraft:large_amethyst_bud":1,"minecraft:spruce_planks":18,"minecraft:cobblestone_stairs":6,"minecraft:sculk_vein":3,"minecraft:brewing_stand":1,"minecraft:budding_amethyst":6,"minecraft:grass_block":125,"gobber2:gobber2_ore_deepslate":252,"gobber2:gobber2_lucky_block":71,"born_in_chaos_v1:pile_of_skulls":1,"minecraft:glowstone":46,"minecraft:sculk_catalyst":5,"minecraft:iron_ore":320,"minecraft:anvil":1,"minecraft:iron_bars":10,"minecraft:spruce_slab":1,"minecraft:deepslate_redstone_ore":72,"minecraft:blackstone":38,"prettypipes:crafting_terminal":2,"minecraft:medium_amethyst_bud":3,"minecraft:jungle_stairs":1,"minecraft:calcite":7,"minecraft:chest":89,"minecraft:nether_quartz_ore":24,"minecraft:cobblestone":215,"minecraft:oak_planks":7,"minecraft:wall_torch":80,"minecraft:birch_log":6,"minecraft:tnt":34,"minecraft:yellow_stained_glass_pane":1,"minecraft:oak_log":83,"minecraft:sand":124,"minecraft:dirt":84,"minecraft:netherrack":1019,"minecraft:ancient_debris":2,"minecraft:oak_leaves":35,"minecraft:redstone_lamp":16,"minecraft:nether_gold_ore":40,"minecraft:tuff":332,"minecraft:deepslate_diamond_ore":33,"torchmaster:megatorch":3,"minecraft:lever":10,"minecraft:weeping_vines":6,"minecraft:spruce_leaves":15,"minecraft:hay_block":50,"minecraft:spruce_sapling":3,"minecraft:furnace":7,"minecraft:carrots":143,"minecraft:gold_block":2,"minecraft:bookshelf":92,"minecraft:deepslate_iron_ore":53,"minecraft:stripped_oak_log":18,"minecraft:packed_ice":18,"minecraft:wet_sponge":14,"minecraft:stone":3081,"minecraft:redstone_wall_torch":3,"minecraft:snow_block":3,"minecraft:basalt":41,"minecraft:crafting_table":10,"minecraft:sculk_sensor":4,"minecraft:lectern":386,"minecraft:lapis_ore":10,"minecraft:sculk":18,"minecraft:cactus":2,"minecraft:redstone_torch":26,"minecraft:ice":1,"gobber2:gobber2_lucky_block_deepslate":34,"minecraft:bee_nest":2,"elevatorid:elevator_white":1,"minecraft:coal_ore":80,"minecraft:cracked_stone_bricks":3,"minecraft:mossy_stone_bricks":8},"minecraft:broken":{"minecraft:iron_axe":1,"minecraft:iron_pickaxe":4,"minecraft:iron_shovel":8,"minecraft:stone_pickaxe":1,"minecraft:stone_axe":2},"minecraft:crafted":{"minecraft:smooth_stone":38,"travelersbackpack:crafting_upgrade":1,"minecraft:blaze_powder":4,"minecraft:chain":8,"minecraft:lever":6,"apotheosis:sigil_of_rebirth":96,"minecraft:nether_brick":256,"minecraft:bookshelf":76,"minecraft:iron_bars":32,"prettypipes:blank_module":5,"minecraft:glass":98,"apotheosis:reforging_table":1,"minecraft:repeater":5,"minecraft:diamond_leggings":1,"minecraft:beacon":1,"prettypipes:high_high_priority_module":2,"apotheosis:glowing_hellshelf":9,"minecraft:glass_bottle":27,"minecraft:redstone_lamp":15,"minecraft:deepslate":192,"travelersbackpack:bookshelf":1,"minecraft:emerald":1069,"gobber2:gobber2_ingot":48,"minecraft:cooked_porkchop":5,"gobber2:gobber2_glob_nether":8,"gobber2:gobber2_axe":1,"travelersbackpack:standard":5,"minecraft:clock":11,"prettypipes:high_speed_module":1,"minecraft:smithing_table":1,"gobber2:gobber2_rod":14,"minecraft:copper_ingot":90,"minecraft:sticky_piston":1,"minecraft:fletching_table":6,"prettypipes:low_extraction_module":1,"prettypipes:low_speed_module":1,"minecraft:lectern":14,"gobber2:gobber2_medallion_nether":1,"apotheosis:hellshelf":17,"apotheosis:gem_cutting_table":1,"gobber2:gobber2_gooey_apple_nether":8,"gobber2:gobber2_hammer_nether":1,"minecraft:iron_pickaxe":5,"minecraft:iron_block":9,"minecraft:gold_ingot":146,"minecraft:stone_shovel":1,"minecraft:iron_nugget":99,"minecraft:bone_meal":273,"minecraft:spruce_fence":36,"travelersbackpack:blank_upgrade":4,"travelersbackpack:gold_tier_upgrade":1,"gobber2:gobber2_helmet":1,"gobber2:gobber2_glob":23,"minecraft:wither_skeleton_skull":5,"minecraft:lantern":9,"minecraft:diamond":5,"travelersbackpack:white_sleeping_bag":1,"prettypipes:high_retrieval_module":1,"minecraft:spruce_slab":90,"gobber2:gobber2_boots":1,"minecraft:stone_pickaxe":2,"minecraft:diamond_boots":1,"prettypipes:low_retrieval_module":1,"apotheosis:simple_reforging_table":1,"minecraft:redstone_block":20,"prettypipes:crafting_terminal":1,"travelersbackpack:spider":1,"minecraft:wheat":450,"minecraft:enchanting_table":2,"minecraft:glowstone":16,"prettypipes:medium_high_priority_module":1,"minecraft:enchanted_book":41,"gobber2:gobber2_medallion_exp":1,"minecraft:golden_apple":10,"minecraft:fermented_spider_eye":5,"minecraft:wooden_axe":1,"minecraft:iron_shovel":10,"minecraft:white_bed":1,"prettypipes:medium_speed_module":1,"minecraft:grindstone":1,"minecraft:oak_planks":544,"gobber2:gobber2_leggings":1,"minecraft:oak_hanging_sign":18,"minecraft:cobblestone_stairs":10,"minecraft:stone":246,"gobber2:gobber2_chestplate":1,"prettypipes:high_extraction_module":1,"minecraft:hopper":15,"minecraft:bow":9,"minecraft:iron_boots":1,"improvableskills:skills_book":1,"minecraft:comparator":4,"minecraft:chest":124,"minecraft:ender_eye":3,"minecraft:golden_boots":1,"travelersbackpack:iron_tier_upgrade":1,"gobber2:gobber2_ingot_nether":12,"minecraft:crafting_table":6,"minecraft:spruce_planks":17948,"minecraft:wooden_pickaxe":1,"prettypipes:medium_extraction_module":1,"minecraft:birch_planks":20,"minecraft:brewing_stand":3,"minecraft:sea_pickle":5,"minecraft:iron_chestplate":1,"minecraft:paper":90,"minecraft:diamond_pickaxe":1,"minecraft:shield":3,"minecraft:stick":33480,"minecraft:iron_ingot":342,"prettypipes:medium_retrieval_module":1,"minecraft:redstone_torch":27,"minecraft:sponge":12,"minecraft:shears":2,"minecraft:redstone":63,"minecraft:furnace":5,"minecraft:blast_furnace":1,"simplyswords:diamond_twinblade":1,"minecraft:piston":2,"apotheosis:salvaging_table":1,"minecraft:glass_pane":96,"minecraft:oak_trapdoor":10,"minecraft:flint_and_steel":1,"cataclysm:witherite_ingot":9,"prettypipes:item_terminal":1,"minecraft:iron_axe":2,"cataclysm:meat_shredder":1,"prettypipes:low_high_priority_module":1,"minecraft:iron_hoe":1,"minecraft:netherite_scrap":4,"prettypipes:pipe":40,"minecraft:cooked_beef":5,"minecraft:sugar":133,"simplyswords:gobber_compat/gobber_nether/gobber_nether_twinblade":1,"travelersbackpack:backpack_tank":4,"gobber2:gobber2_ring":1,"cataclysm:mech_eye":1,"minecraft:nether_bricks":62,"minecraft:bucket":2,"minecraft:stone_axe":6,"apotheosis:gem_fused_slate":128,"minecraft:air":0,"minecraft:bread":161,"gobber2:gobber2_staff_ensnarement":6,"minecraft:oak_boat":1,"minecraft:white_wool":1,"minecraft:stonecutter":1,"minecraft:anvil":2,"minecraft:torch":332,"minecraft:diamond_chestplate":3}},"DataVersion":3465}