{"stats":{"minecraft:custom":{"lootr:looted_stat":61,"minecraft:interact_with_crafting_table":165,"minecraft:open_barrel":21,"minecraft:leave_game":43,"minecraft:time_since_death":147796,"minecraft:damage_resisted":50,"minecraft:sprint_one_cm":3996068,"minecraft:damage_blocked_by_shield":7740,"minecraft:drop":154,"minecraft:talked_to_villager":653,"minecraft:play_time":1627342,"minecraft:deaths":3,"minecraft:jump":17963,"minecraft:interact_with_brewingstand":2,"minecraft:walk_on_water_one_cm":206084,"minecraft:enchant_item":17,"minecraft:interact_with_furnace":95,"minecraft:play_record":2,"minecraft:traded_with_villager":770,"minecraft:sleep_in_bed":42,"minecraft:waystone_activated":17,"minecraft:damage_dealt":142955,"minecraft:player_kills":4,"minecraft:crouch_one_cm":99926,"minecraft:interact_with_smithing_table":5,"minecraft:interact_with_anvil":32,"minecraft:mob_kills":762,"minecraft:inspect_hopper":22,"minecraft:damage_dealt_resisted":2963,"minecraft:climb_one_cm":3892,"minecraft:walk_one_cm":2975511,"minecraft:sneak_time":37809,"minecraft:walk_under_water_one_cm":11710,"minecraft:boat_one_cm":390015,"minecraft:interact_with_blast_furnace":39,"minecraft:total_world_time":1627342,"minecraft:interact_with_grindstone":9,"minecraft:interact_with_stonecutter":24,"minecraft:time_since_rest":4258,"minecraft:damage_absorbed":373,"minecraft:damage_taken":10041,"minecraft:swim_one_cm":31665,"minecraft:fly_one_cm":3707847,"minecraft:open_chest":1224,"minecraft:fall_one_cm":412377},"minecraft:used":{"gobber2:gobber2_goo":3,"minecraft:iron_shovel":2284,"minecraft:spruce_slab":19,"born_in_chaos_v1:intoxicating_decoction":1,"gobber2:gobber2_gooey_bread":22,"minecraft:shield":122,"minecraft:chest":51,"minecraft:iron_sword":200,"minecraft:stone":36,"simplyswords:diamond_twinblade":1593,"gobber2:gobber2_goo_nether":9,"minecraft:soul_sand":4,"minecraft:stray_spawn_egg":2,"minecraft:skeleton_spawn_egg":1,"minecraft:deepslate_tile_slab":687,"born_in_chaos_v1:soul_cutlass":21,"minecraft:carrot":186,"gobber2:gobber2_glass_nether":4,"minecraft:obsidian":14,"minecraft:lava_bucket":4,"minecraft:villager_spawn_egg":5,"minecraft:lantern":9,"minecraft:iron_helmet":1,"minecraft:item_frame":3,"minecraft:repeater":23,"minecraft:redstone_lamp":21,"minecraft:bow":16,"minecraft:hay_block":1,"minecraft:oak_sapling":12,"minecraft:furnace":9,"minecraft:egg":1,"minecraft:potato":213,"apotheosis:salvaging_table":1,"minecraft:diorite":2,"minecraft:wither_skeleton_skull":3,"minecraft:oak_planks":13,"minecraft:stone_pickaxe":334,"minecraft:wooden_pickaxe":20,"minecraft:redstone_block":5,"minecraft:sugar_cane":6,"minecraft:golden_apple":10,"elevatorid:elevator_white":6,"minecraft:blast_furnace":2,"minecraft:sponge":14,"cataclysm:music_disc_the_leviathan":1,"gobber2:gobber2_gooey_bread_nether":6,"minecraft:shears":6,"minecraft:deepslate_tiles":1234,"minecraft:redstone_torch":44,"waystones:waystone":16,"minecraft:lever":21,"gobber2:gobber2_gooey_beefstew":2,"minecraft:melon_slice":73,"minecraft:bread":173,"gobber2:gobber2_axe":181,"minecraft:lectern":399,"minecraft:gravel":151,"apotheosis:reforging_table":1,"minecraft:golden_helmet":1,"minecraft:grindstone":1,"minecraft:smithing_table":1,"minecraft:andesite":13,"minecraft:oak_hanging_sign":19,"minecraft:oak_boat":15,"travelersbackpack:sandstone":1,"minecraft:bone_meal":271,"minecraft:oak_trapdoor":9,"minecraft:enchanting_table":1,"alexsmobs:transmutation_table":1,"minecraft:flint_and_steel":48,"minecraft:stone_shovel":4,"minecraft:redstone":148,"gobber2:gobber2_pickaxe_nether":3501,"cataclysm:ender_golem_spawn_egg":2,"minecraft:orange_bed":9,"minecraft:netherrack":43,"minecraft:dirt":34,"minecraft:torch":499,"minecraft:anvil":3,"minecraft:hopper":49,"artifacts:onion_ring":1,"minecraft:iron_hoe":39,"minecraft:stone_brick_slab":149,"minecraft:wooden_axe":8,"minecraft:chipped_anvil":4,"minecraft:bookshelf":42,"minecraft:iron_axe":408,"gobber2:gobber2_gooey_apple_nether":7,"minecraft:spawner":6,"apotheosis:gem_cutting_table":1,"gobber2:gobber2_gooey_beef":17,"minecraft:diamond_chestplate":1,"gobber2:gobber2_staff_ensnarement":12,"torchmaster:feral_flare_lantern":15,"minecraft:beef":4,"cataclysm:nameless_sorcerer_spawn_egg":1,"torchmaster:megatorch":6,"minecraft:cooked_beef":3,"minecraft:pumpkin":6,"minecraft:cobbled_deepslate":438,"minecraft:golden_axe":1,"minecraft:wheat_seeds":185,"minecraft:water_bucket":201,"minecraft:iron_ore":12,"minecraft:cobblestone_stairs":12,"gobber2:gobber2_hammer_nether":1986,"minecraft:fletching_table":4,"minecraft:stonecutter":3,"minecraft:cobblestone_slab":240,"born_in_chaos_v1:stimulating_decoction":1,"minecraft:deepslate_bricks":3,"alexsmobs:spawn_egg_farseer":2,"minecraft:comparator":8,"minecraft:tnt":27,"minecraft:crafting_table":8,"cataclysm:music_disc_the_harbinger":1,"minecraft:white_bed":2,"minecraft:spruce_log":15,"minecraft:oak_log":18,"minecraft:apple":1,"minecraft:diamond_pickaxe":659,"travelersbackpack:bookshelf":1,"minecraft:iron_pickaxe":829,"minecraft:spruce_sapling":195,"gobber2:gobber2_gooey_beefstew_nether":2,"minecraft:stone_axe":416,"minecraft:cobblestone":1310,"travelersbackpack:standard":14,"minecraft:cooked_porkchop":5,"simplyswords:gobber_compat/gobber_nether/gobber_nether_twinblade":44,"minecraft:bucket":209,"minecraft:glass_pane":61,"alexsmobs:animal_dictionary":3,"minecraft:jukebox":1,"gobber2:gobber2_gooey_beef_nether":10},"minecraft:mined":{"minecraft:large_amethyst_bud":1,"minecraft:spruce_planks":18,"minecraft:white_bed":1,"minecraft:cobblestone_stairs":6,"minecraft:obsidian":14,"minecraft:brewing_stand":1,"minecraft:carved_pumpkin":6,"minecraft:budding_amethyst":6,"minecraft:granite":80,"minecraft:grass_block":125,"gobber2:gobber2_ore_deepslate":163,"gobber2:gobber2_lucky_block":64,"torchmaster:feral_flare_lantern":4,"minecraft:hopper":37,"minecraft:spawner":23,"born_in_chaos_v1:pile_of_skulls":1,"minecraft:tall_seagrass":1,"minecraft:magma_block":17,"gobber2:gobber2_ore":27,"minecraft:iron_ore":91,"minecraft:cobbled_deepslate":140,"minecraft:fire":15,"gobber2:gobber2_ore_nether":7,"minecraft:pumpkin":6,"minecraft:anvil":1,"minecraft:deepslate_lapis_ore":10,"minecraft:dirt_path":7,"minecraft:oak_wall_hanging_sign":5,"minecraft:small_amethyst_bud":1,"minecraft:iron_bars":10,"minecraft:iron_block":2,"minecraft:spruce_slab":1,"minecraft:orange_bed":9,"minecraft:deepslate_redstone_ore":42,"minecraft:blackstone":38,"minecraft:medium_amethyst_bud":3,"minecraft:amethyst_cluster":3,"minecraft:deepslate_tile_slab":8,"born_in_chaos_v1:infected_deepslate_diamond_ore":1,"minecraft:torch":84,"minecraft:jungle_stairs":1,"minecraft:blast_furnace":1,"minecraft:melon":16,"gobber2:gobber2_lucky_block_nether":26,"minecraft:calcite":2,"minecraft:chest":5,"minecraft:white_stained_glass_pane":1,"minecraft:nether_quartz_ore":14,"minecraft:cobblestone":210,"minecraft:oak_planks":7,"minecraft:sugar_cane":37,"minecraft:wall_torch":69,"minecraft:amethyst_block":31,"minecraft:skeleton_skull":1,"minecraft:repeater":19,"minecraft:birch_log":6,"minecraft:wheat":178,"minecraft:tnt":34,"minecraft:yellow_stained_glass_pane":1,"minecraft:grass":335,"minecraft:oak_log":80,"minecraft:dirt":79,"minecraft:sand":124,"minecraft:smooth_basalt":1,"born_in_chaos_v1:infernal_evil_pumpkin_s":2,"minecraft:ancient_debris":1,"minecraft:stonecutter":2,"minecraft:netherrack":823,"minecraft:oak_leaves":22,"minecraft:deepslate":1991,"minecraft:redstone_lamp":16,"minecraft:deepslate_tiles":33,"minecraft:nether_gold_ore":28,"minecraft:tuff":171,"minecraft:mossy_cobblestone":1,"minecraft:deepslate_diamond_ore":18,"torchmaster:megatorch":2,"minecraft:lever":10,"born_in_chaos_v1:black_argillite":4,"minecraft:spruce_fence":2,"born_in_chaos_v1:fel_soil":10,"minecraft:redstone_wire":113,"minecraft:spruce_leaves":15,"born_in_chaos_v1:gnawed_bones":1,"minecraft:hay_block":50,"minecraft:spruce_sapling":3,"minecraft:furnace":5,"minecraft:carrots":143,"minecraft:andesite":157,"minecraft:gold_block":2,"minecraft:bookshelf":75,"minecraft:potatoes":166,"minecraft:cobblestone_slab":143,"minecraft:deepslate_iron_ore":21,"minecraft:vine":2,"minecraft:stripped_oak_log":18,"minecraft:packed_ice":7,"minecraft:wet_sponge":14,"minecraft:stone":1747,"minecraft:redstone_wall_torch":3,"minecraft:smithing_table":1,"minecraft:light_gray_carpet":3,"minecraft:redstone_block":5,"minecraft:glass_pane":21,"minecraft:comparator":8,"minecraft:potted_lily_of_the_valley":13,"minecraft:snow_block":3,"minecraft:basalt":41,"minecraft:stone_brick_slab":5,"minecraft:crafting_table":5,"minecraft:lectern":386,"minecraft:copper_ore":19,"minecraft:tall_grass":36,"minecraft:lapis_ore":6,"minecraft:deepslate_gold_ore":42,"minecraft:diorite":349,"minecraft:cactus":2,"minecraft:redstone_torch":26,"minecraft:ice":1,"minecraft:white_carpet":9,"minecraft:spruce_log":73,"minecraft:birch_leaves":11,"gobber2:gobber2_lucky_block_deepslate":13,"elevatorid:elevator_white":1,"minecraft:coal_ore":66,"minecraft:gravel":835,"minecraft:cobweb":6,"minecraft:stone_bricks":3,"minecraft:mossy_stone_bricks":1,"minecraft:gold_ore":31,"minecraft:chipped_anvil":3},"minecraft:picked_up":{"torchmaster:feral_flare_lantern":4,"minecraft:wheat":172,"minecraft:redstone_block":5,"minecraft:flower_pot":10,"minecraft:anvil":1,"minecraft:prismarine_shard":2,"minecraft:smithing_table":1,"minecraft:lead":2,"minecraft:potion":1,"minecraft:brewing_stand":1,"minecraft:golden_sword":1,"minecraft:amethyst_block":26,"born_in_chaos_v1:black_argillite":4,"minecraft:string":11,"minecraft:raw_copper":170,"minecraft:oak_hanging_sign":5,"simplyswords:diamond_twinblade":1,"gobber2:gobber2_glass_nether":4,"minecraft:deepslate_tiles":35,"minecraft:gold_nugget":146,"minecraft:cobbled_deepslate":8587,"minecraft:comparator":8,"minecraft:bucket":1,"minecraft:spruce_planks":17,"minecraft:redstone_torch":46,"minecraft:cobblestone_slab":170,"minecraft:calcite":2,"minecraft:melon_slice":73,"minecraft:furnace":5,"minecraft:tipped_arrow":4,"minecraft:stick":354,"apotheosis:gem":43,"born_in_chaos_v1:shattered_skull":5,"minecraft:torch":211,"born_in_chaos_v1:pileof_dark_metal":1,"minecraft:porkchop":8,"born_in_chaos_v1:fel_soil":5,"minecraft:diorite":893,"minecraft:golden_chestplate":1,"gobber2:gobber2_foo":10,"minecraft:orange_bed":9,"minecraft:cactus":3,"minecraft:rotten_flesh":23,"minecraft:iron_block":2,"minecraft:carved_pumpkin":7,"minecraft:obsidian":37,"minecraft:iron_bars":5,"minecraft:cobblestone":5268,"minecraft:birch_log":33,"minecraft:magma_block":15,"cataclysm:music_disc_the_harbinger":2,"minecraft:cooked_beef":5,"minecraft:repeater":19,"minecraft:andesite":529,"minecraft:potato":589,"minecraft:flint":82,"minecraft:tuff":472,"gobber2:gobber2_gooey_bread_nether":7,"minecraft:lapis_lazuli":105,"minecraft:dirt":210,"minecraft:bone":28,"minecraft:chipped_anvil":4,"minecraft:stonecutter":2,"gobber2:gobber2_gooey_beef":23,"minecraft:wheat_seeds":531,"minecraft:raw_gold":92,"gobber2:gobber2_globette":214,"minecraft:mossy_stone_bricks":1,"minecraft:oak_planks":7,"gobber2:gobber2_gooey_bread":30,"gobber2:gobber2_rod_nether":10,"minecraft:cooked_porkchop":3,"artifacts:rooted_boots":1,"minecraft:poisonous_potato":3,"torchmaster:megatorch":2,"minecraft:sand":124,"minecraft:ink_sac":1,"minecraft:grass_block":1,"minecraft:lily_of_the_valley":13,"minecraft:mossy_cobblestone":1,"born_in_chaos_v1:fire_dust":1,"minecraft:diamond":30,"minecraft:lever":19,"artifacts:crystal_heart":1,"waystones:waystone":17,"minecraft:granite":355,"minecraft:bone_meal":45,"minecraft:bread":1,"minecraft:oak_sapling":15,"born_in_chaos_v1:rotten_fish":9,"minecraft:light_gray_carpet":3,"minecraft:netherrack":3225,"gobber2:gobber2_goo":31,"minecraft:nether_star":1,"minecraft:crafting_table":5,"born_in_chaos_v1:diamond_termite_shard":1,"minecraft:clay_ball":2,"minecraft:redstone_lamp":14,"minecraft:gold_block":2,"travelersbackpack:sandstone":1,"alexsmobs:farseer_arm":1,"minecraft:iron_axe":1,"born_in_chaos_v1:intoxicating_decoction":1,"minecraft:item_frame":25,"minecraft:white_carpet":9,"minecraft:iron_shovel":1,"reliquary:chelicerae":1,"minecraft:blackstone":159,"minecraft:beef":18,"minecraft:oak_boat":15,"born_in_chaos_v1:gnawed_bones":1,"minecraft:light_gray_wool":1,"minecraft:spruce_slab":1,"minecraft:lectern":386,"minecraft:sugar_cane":161,"minecraft:chest":5,"minecraft:birch_sapling":1,"minecraft:egg":1,"minecraft:raw_iron":117,"minecraft:stone":21,"reliquary:rib_bone":1,"minecraft:spruce_fence":2,"born_in_chaos_v1:pieceofdarkmetal":7,"minecraft:carrot":509,"minecraft:redstone":468,"minecraft:tnt":31,"gobber2:gobber2_globette_nether":61,"minecraft:arrow":7,"minecraft:jungle_stairs":1,"gobber2:gobber2_gooey_beef_nether":8,"minecraft:hay_block":51,"born_in_chaos_v1:spiny_shell":19,"born_in_chaos_v1:trident_hayfork":1,"minecraft:mutton":26,"minecraft:skeleton_skull":1,"minecraft:white_wool":12,"minecraft:wet_sponge":14,"minecraft:stripped_oak_log":18,"born_in_chaos_v1:corpse_maggot":2,"minecraft:basalt":223,"born_in_chaos_v1:pumpkin_staff":1,"gobber2:gobber2_gooey_beefstew":7,"minecraft:leather":12,"artifacts:onion_ring":1,"minecraft:oak_log":112,"minecraft:ancient_debris":1,"minecraft:cobblestone_stairs":6,"minecraft:deepslate_tile_slab":13,"minecraft:spawner":6,"minecraft:cooked_mutton":3,"born_in_chaos_v1:soul_cutlass":2,"minecraft:apple":4,"minecraft:stone_bricks":2,"cataclysm:music_disc_the_leviathan":1,"cataclysm:void_core":3,"minecraft:iron_ore":12,"gobber2:gobber2_gooey_beefstew_nether":3,"born_in_chaos_v1:fel_lamp":1,"apotheosis:gem_dust":6,"minecraft:book":222,"elevatorid:elevator_white":1,"minecraft:pumpkin":6,"minecraft:stone_brick_slab":6,"born_in_chaos_v1:ethereal_spirit":1,"minecraft:quartz":42,"minecraft:gravel":842,"minecraft:amethyst_shard":6,"minecraft:spruce_sapling":493,"minecraft:blast_furnace":1,"minecraft:white_bed":1,"minecraft:spruce_log":4291,"minecraft:spider_eye":3,"travelersbackpack:standard":1,"minecraft:pumpkin_seeds":75,"minecraft:slime_ball":1,"born_in_chaos_v1:pile_of_skulls":1,"gobber2:gobber2_hammer_nether":1,"minecraft:coal":90,"gobber2:gobber2_goo_nether":9,"minecraft:hopper":37,"minecraft:ender_pearl":2},"minecraft:dropped":{"minecraft:diamond":1,"travelersbackpack:standard":1,"minecraft:flint":8,"cataclysm:music_disc_the_harbinger":1,"minecraft:mutton":2,"alexsmobs:skelewag_sword":1,"minecraft:bone_meal":45,"minecraft:bone":5,"minecraft:gravel":57,"minecraft:blackstone":30,"minecraft:cobbled_deepslate":2635,"gobber2:gobber2_hammer_nether":1,"minecraft:rotten_flesh":14,"minecraft:oak_planks":3,"simplyswords:diamond_twinblade":1,"alexsmobs:crocodile_chestplate":1,"minecraft:deepslate_tiles":2,"minecraft:tipped_arrow":1,"apotheosis:gem":8,"reliquary:glacial_staff":1,"minecraft:netherrack":512,"minecraft:bread":1,"minecraft:wheat_seeds":4,"minecraft:poisonous_potato":2,"minecraft:cobblestone":22,"minecraft:apple":1,"alexsmobs:roadrunner_boots":1,"cataclysm:void_core":1,"minecraft:iron_shovel":1,"minecraft:string":2,"minecraft:stone_brick_slab":1,"minecraft:tuff":182,"minecraft:lily_of_the_valley":2,"minecraft:cobblestone_slab":3,"minecraft:flower_pot":1,"minecraft:redstone_torch":2,"minecraft:calcite":1},"minecraft:killed":{"minecraft:cave_spider":2,"born_in_chaos_v1:mr_pumpkin":7,"minecraft:zombified_piglin":1,"born_in_chaos_v1:sir_the_headless":2,"born_in_chaos_v1:door_knight_not_despawn":1,"born_in_chaos_v1:pumpkin_spirit":1,"minecraft:spider":7,"minecraft:zombie_horse":2,"minecraft:wither":1,"minecraft:skeleton":154,"born_in_chaos_v1:firelight_not_despawn":1,"cataclysm:ender_golem":2,"artifacts:mimic":3,"minecraft:pig":3,"born_in_chaos_v1:diamond_termite":1,"minecraft:creeper":1,"minecraft:sheep":13,"minecraft:trader_llama":2,"minecraft:pillager":1,"minecraft:zombie":230,"minecraft:donkey":2,"minecraft:stray":254,"minecraft:cow":8,"alexsmobs:farseer":2,"born_in_chaos_v1:zombie_clown_not_despawn":1,"born_in_chaos_v1:skeleton_thrasher_not_despawn":3,"born_in_chaos_v1:thornshell_crab":6,"born_in_chaos_v1:maggot":27,"born_in_chaos_v1:pumpkinhead":2,"minecraft:horse":7,"born_in_chaos_v1:barrel_zombie":1,"cataclysm:nameless_sorcerer":1,"minecraft:husk":2,"born_in_chaos_v1:felsteed":2,"minecraft:rabbit":1,"minecraft:wandering_trader":1,"born_in_chaos_v1:decrepit_skeleton":2,"minecraft:enderman":2},"minecraft:crafted":{"minecraft:grindstone":1,"minecraft:smooth_stone":38,"minecraft:oak_planks":476,"travelersbackpack:crafting_upgrade":1,"gobber2:gobber2_leggings":1,"minecraft:chain":8,"minecraft:oak_hanging_sign":18,"minecraft:stone":246,"minecraft:cobblestone_stairs":10,"gobber2:gobber2_chestplate":1,"minecraft:lever":6,"minecraft:nether_brick":60,"minecraft:bookshelf":57,"minecraft:glass":61,"minecraft:hopper":15,"apotheosis:reforging_table":1,"minecraft:repeater":5,"minecraft:diamond_leggings":1,"minecraft:bow":9,"minecraft:iron_boots":1,"improvableskills:skills_book":1,"minecraft:beacon":1,"minecraft:comparator":4,"minecraft:chest":83,"minecraft:ender_eye":3,"minecraft:golden_boots":1,"minecraft:redstone_lamp":15,"minecraft:deepslate":64,"travelersbackpack:bookshelf":1,"travelersbackpack:iron_tier_upgrade":1,"minecraft:emerald":710,"gobber2:gobber2_ingot":45,"gobber2:gobber2_ingot_nether":9,"minecraft:cooked_porkchop":5,"gobber2:gobber2_glob_nether":1,"minecraft:crafting_table":4,"minecraft:spruce_planks":11684,"gobber2:gobber2_axe":1,"minecraft:wooden_pickaxe":1,"travelersbackpack:standard":5,"minecraft:smithing_table":1,"gobber2:gobber2_rod":14,"minecraft:clock":11,"minecraft:copper_ingot":90,"minecraft:fletching_table":6,"minecraft:birch_planks":20,"minecraft:lectern":14,"minecraft:iron_chestplate":1,"minecraft:paper":27,"minecraft:diamond_pickaxe":1,"minecraft:shield":3,"apotheosis:gem_cutting_table":1,"gobber2:gobber2_gooey_apple_nether":8,"minecraft:stick":22184,"minecraft:iron_ingot":168,"gobber2:gobber2_hammer_nether":1,"minecraft:iron_pickaxe":5,"minecraft:iron_block":6,"minecraft:gold_ingot":129,"minecraft:redstone_torch":27,"minecraft:sponge":12,"minecraft:shears":2,"minecraft:redstone":27,"minecraft:stone_shovel":1,"minecraft:iron_nugget":99,"minecraft:furnace":5,"minecraft:blast_furnace":1,"simplyswords:diamond_twinblade":1,"apotheosis:salvaging_table":1,"alexsmobs:transmutation_table":1,"minecraft:bone_meal":273,"travelersbackpack:blank_upgrade":4,"travelersbackpack:gold_tier_upgrade":1,"minecraft:oak_trapdoor":10,"minecraft:glass_pane":96,"minecraft:flint_and_steel":1,"gobber2:gobber2_helmet":1,"gobber2:gobber2_glob":23,"minecraft:lantern":9,"travelersbackpack:white_sleeping_bag":1,"minecraft:iron_axe":2,"minecraft:spruce_slab":90,"minecraft:iron_hoe":1,"minecraft:stone_pickaxe":2,"minecraft:diamond_boots":1,"apotheosis:simple_reforging_table":1,"minecraft:redstone_block":3,"minecraft:netherite_scrap":3,"travelersbackpack:spider":1,"minecraft:cooked_beef":5,"minecraft:wheat":450,"minecraft:sugar":98,"minecraft:enchanting_table":2,"simplyswords:gobber_compat/gobber_nether/gobber_nether_twinblade":1,"travelersbackpack:backpack_tank":4,"gobber2:gobber2_ring":1,"minecraft:nether_bricks":3,"minecraft:bucket":2,"minecraft:stone_axe":6,"minecraft:glowstone":16,"minecraft:enchanted_book":27,"minecraft:bread":161,"minecraft:air":0,"gobber2:gobber2_staff_ensnarement":6,"minecraft:oak_boat":1,"minecraft:white_wool":1,"minecraft:golden_apple":9,"minecraft:fermented_spider_eye":5,"minecraft:wooden_axe":1,"minecraft:iron_shovel":10,"minecraft:anvil":2,"minecraft:stonecutter":1,"minecraft:white_bed":1,"minecraft:torch":300,"minecraft:diamond_chestplate":1},"minecraft:broken":{"minecraft:iron_shovel":8,"minecraft:stone_pickaxe":1,"minecraft:stone_axe":2,"minecraft:iron_axe":1,"minecraft:iron_pickaxe":4}},"DataVersion":3465}