{"stats":{"minecraft:picked_up":{"minecraft:wheat":127,"minecraft:redstone_block":5,"minecraft:prismarine_shard":2,"minecraft:flower_pot":10,"minecraft:anvil":1,"minecraft:smithing_table":1,"minecraft:lead":2,"minecraft:potion":1,"minecraft:brewing_stand":1,"minecraft:golden_sword":1,"minecraft:amethyst_block":26,"born_in_chaos_v1:black_argillite":4,"minecraft:string":11,"minecraft:raw_copper":170,"minecraft:oak_hanging_sign":5,"simplyswords:diamond_twinblade":1,"gobber2:gobber2_glass_nether":2,"minecraft:cobbled_deepslate":3834,"minecraft:gold_nugget":135,"minecraft:comparator":8,"minecraft:bucket":1,"minecraft:spruce_planks":17,"minecraft:redstone_torch":46,"minecraft:cobblestone_slab":170,"minecraft:calcite":2,"minecraft:melon_slice":73,"minecraft:furnace":4,"minecraft:tipped_arrow":2,"minecraft:stick":115,"apotheosis:gem":41,"born_in_chaos_v1:shattered_skull":5,"minecraft:torch":171,"born_in_chaos_v1:pileof_dark_metal":1,"minecraft:porkchop":8,"born_in_chaos_v1:fel_soil":5,"minecraft:diorite":891,"gobber2:gobber2_foo":10,"minecraft:orange_bed":9,"minecraft:cactus":3,"minecraft:rotten_flesh":23,"minecraft:iron_block":2,"minecraft:carved_pumpkin":7,"minecraft:obsidian":7,"minecraft:iron_bars":5,"minecraft:cobblestone":5240,"minecraft:birch_log":33,"minecraft:magma_block":15,"cataclysm:music_disc_the_harbinger":2,"minecraft:cooked_beef":5,"minecraft:repeater":19,"minecraft:andesite":525,"minecraft:potato":414,"minecraft:flint":56,"minecraft:tuff":236,"gobber2:gobber2_gooey_bread_nether":4,"minecraft:lapis_lazuli":105,"minecraft:dirt":210,"minecraft:bone":20,"minecraft:stonecutter":1,"gobber2:gobber2_gooey_beef":22,"minecraft:wheat_seeds":405,"minecraft:raw_gold":83,"gobber2:gobber2_globette":206,"minecraft:mossy_stone_bricks":1,"minecraft:oak_planks":7,"gobber2:gobber2_gooey_bread":28,"gobber2:gobber2_rod_nether":5,"minecraft:cooked_porkchop":3,"artifacts:rooted_boots":1,"minecraft:poisonous_potato":2,"torchmaster:megatorch":2,"minecraft:sand":124,"minecraft:ink_sac":1,"minecraft:grass_block":1,"minecraft:lily_of_the_valley":13,"minecraft:mossy_cobblestone":1,"born_in_chaos_v1:fire_dust":1,"minecraft:diamond":24,"minecraft:lever":19,"artifacts:crystal_heart":1,"waystones:waystone":12,"minecraft:granite":354,"minecraft:bone_meal":45,"minecraft:bread":1,"minecraft:oak_sapling":15,"born_in_chaos_v1:rotten_fish":9,"minecraft:light_gray_carpet":3,"minecraft:netherrack":1120,"gobber2:gobber2_goo":27,"minecraft:crafting_table":5,"born_in_chaos_v1:diamond_termite_shard":1,"minecraft:clay_ball":2,"minecraft:redstone_lamp":14,"minecraft:gold_block":2,"travelersbackpack:sandstone":1,"minecraft:iron_axe":1,"minecraft:item_frame":25,"born_in_chaos_v1:intoxicating_decoction":1,"minecraft:white_carpet":9,"minecraft:iron_shovel":1,"minecraft:blackstone":30,"reliquary:chelicerae":1,"minecraft:beef":18,"minecraft:oak_boat":15,"born_in_chaos_v1:gnawed_bones":1,"minecraft:light_gray_wool":1,"minecraft:spruce_slab":1,"minecraft:lectern":386,"minecraft:sugar_cane":131,"minecraft:chest":3,"minecraft:birch_sapling":1,"minecraft:egg":1,"minecraft:raw_iron":86,"minecraft:stone":17,"reliquary:rib_bone":1,"minecraft:spruce_fence":2,"born_in_chaos_v1:pieceofdarkmetal":7,"minecraft:carrot":359,"minecraft:redstone":330,"minecraft:tnt":31,"gobber2:gobber2_globette_nether":25,"minecraft:arrow":2,"minecraft:jungle_stairs":1,"gobber2:gobber2_gooey_beef_nether":6,"minecraft:hay_block":51,"born_in_chaos_v1:spiny_shell":19,"born_in_chaos_v1:trident_hayfork":1,"minecraft:mutton":26,"minecraft:skeleton_skull":1,"minecraft:white_wool":12,"minecraft:wet_sponge":14,"minecraft:stripped_oak_log":18,"born_in_chaos_v1:corpse_maggot":1,"born_in_chaos_v1:pumpkin_staff":1,"gobber2:gobber2_gooey_beefstew":7,"minecraft:leather":12,"artifacts:onion_ring":1,"minecraft:oak_log":112,"minecraft:ancient_debris":1,"minecraft:cobblestone_stairs":6,"minecraft:spawner":6,"minecraft:cooked_mutton":3,"born_in_chaos_v1:soul_cutlass":2,"minecraft:apple":1,"minecraft:stone_bricks":2,"cataclysm:music_disc_the_leviathan":1,"cataclysm:void_core":3,"gobber2:gobber2_gooey_beefstew_nether":1,"born_in_chaos_v1:fel_lamp":1,"minecraft:book":180,"elevatorid:elevator_white":1,"minecraft:pumpkin":6,"minecraft:stone_brick_slab":6,"born_in_chaos_v1:ethereal_spirit":1,"minecraft:quartz":17,"minecraft:gravel":540,"minecraft:amethyst_shard":6,"minecraft:spruce_sapling":138,"minecraft:blast_furnace":1,"minecraft:white_bed":1,"minecraft:spruce_log":1428,"minecraft:spider_eye":3,"travelersbackpack:standard":1,"minecraft:pumpkin_seeds":75,"minecraft:slime_ball":1,"born_in_chaos_v1:pile_of_skulls":1,"minecraft:coal":89,"gobber2:gobber2_goo_nether":6,"minecraft:hopper":37,"minecraft:ender_pearl":2},"minecraft:dropped":{"minecraft:diamond":1,"travelersbackpack:standard":1,"cataclysm:music_disc_the_harbinger":1,"minecraft:flint":8,"minecraft:mutton":2,"minecraft:bone_meal":45,"minecraft:bone":5,"minecraft:gravel":57,"minecraft:blackstone":30,"minecraft:cobbled_deepslate":2635,"minecraft:rotten_flesh":14,"minecraft:oak_planks":3,"simplyswords:diamond_twinblade":1,"minecraft:tipped_arrow":1,"reliquary:glacial_staff":1,"minecraft:netherrack":494,"minecraft:bread":1,"minecraft:wheat_seeds":4,"minecraft:poisonous_potato":1,"minecraft:cobblestone":22,"cataclysm:void_core":1,"minecraft:iron_shovel":1,"minecraft:string":2,"minecraft:stone_brick_slab":1,"minecraft:tuff":182,"minecraft:lily_of_the_valley":2,"minecraft:cobblestone_slab":3,"minecraft:flower_pot":1,"minecraft:redstone_torch":2,"minecraft:calcite":1},"minecraft:custom":{"lootr:looted_stat":56,"minecraft:interact_with_crafting_table":140,"minecraft:open_barrel":21,"minecraft:leave_game":34,"minecraft:time_since_death":1033839,"minecraft:damage_resisted":50,"minecraft:sprint_one_cm":3130270,"minecraft:damage_blocked_by_shield":6555,"minecraft:drop":137,"minecraft:talked_to_villager":567,"minecraft:play_time":1245106,"minecraft:deaths":2,"minecraft:jump":15561,"minecraft:interact_with_brewingstand":2,"minecraft:walk_on_water_one_cm":164445,"minecraft:enchant_item":1,"minecraft:interact_with_furnace":85,"minecraft:play_record":2,"minecraft:traded_with_villager":337,"minecraft:sleep_in_bed":24,"minecraft:waystone_activated":13,"minecraft:damage_dealt":33595,"minecraft:crouch_one_cm":33388,"minecraft:interact_with_smithing_table":5,"minecraft:interact_with_anvil":15,"minecraft:mob_kills":126,"minecraft:inspect_hopper":22,"minecraft:damage_dealt_resisted":2793,"minecraft:climb_one_cm":3892,"minecraft:walk_one_cm":2129807,"minecraft:sneak_time":11653,"minecraft:walk_under_water_one_cm":10851,"minecraft:boat_one_cm":390015,"minecraft:interact_with_blast_furnace":7,"minecraft:total_world_time":1245106,"minecraft:interact_with_stonecutter":9,"minecraft:time_since_rest":10996,"minecraft:damage_absorbed":373,"minecraft:damage_taken":8834,"minecraft:swim_one_cm":29699,"minecraft:fly_one_cm":3364960,"minecraft:open_chest":918,"minecraft:fall_one_cm":374420},"minecraft:broken":{"minecraft:iron_shovel":7,"minecraft:stone_pickaxe":1,"minecraft:stone_axe":2,"minecraft:iron_axe":1,"minecraft:iron_pickaxe":4},"minecraft:crafted":{"minecraft:smooth_stone":3,"minecraft:oak_planks":476,"travelersbackpack:crafting_upgrade":1,"gobber2:gobber2_leggings":1,"minecraft:chain":8,"minecraft:oak_hanging_sign":18,"minecraft:stone":182,"minecraft:cobblestone_stairs":10,"gobber2:gobber2_chestplate":1,"minecraft:lever":6,"minecraft:bookshelf":43,"minecraft:glass":61,"minecraft:hopper":15,"minecraft:repeater":5,"minecraft:diamond_leggings":1,"minecraft:iron_boots":1,"improvableskills:skills_book":1,"minecraft:comparator":4,"minecraft:chest":75,"minecraft:golden_boots":1,"minecraft:redstone_lamp":15,"minecraft:deepslate":64,"travelersbackpack:bookshelf":1,"travelersbackpack:iron_tier_upgrade":1,"minecraft:emerald":319,"gobber2:gobber2_ingot":42,"gobber2:gobber2_ingot_nether":6,"minecraft:cooked_porkchop":5,"gobber2:gobber2_glob_nether":1,"minecraft:crafting_table":4,"minecraft:spruce_planks":5564,"gobber2:gobber2_axe":1,"minecraft:wooden_pickaxe":1,"travelersbackpack:standard":5,"gobber2:gobber2_rod":14,"minecraft:fletching_table":6,"minecraft:birch_planks":20,"minecraft:lectern":14,"minecraft:iron_chestplate":1,"minecraft:paper":27,"minecraft:diamond_pickaxe":1,"minecraft:shield":3,"gobber2:gobber2_gooey_apple_nether":8,"minecraft:stick":10220,"minecraft:iron_ingot":125,"gobber2:gobber2_hammer_nether":1,"minecraft:iron_pickaxe":5,"minecraft:iron_block":3,"minecraft:gold_ingot":86,"minecraft:redstone_torch":27,"minecraft:sponge":12,"minecraft:shears":1,"minecraft:redstone":27,"minecraft:stone_shovel":1,"minecraft:iron_nugget":99,"minecraft:furnace":5,"minecraft:blast_furnace":1,"simplyswords:diamond_twinblade":1,"minecraft:bone_meal":117,"travelersbackpack:blank_upgrade":4,"travelersbackpack:gold_tier_upgrade":1,"minecraft:oak_trapdoor":10,"minecraft:glass_pane":96,"minecraft:flint_and_steel":1,"gobber2:gobber2_helmet":1,"gobber2:gobber2_glob":23,"minecraft:lantern":9,"travelersbackpack:white_sleeping_bag":1,"minecraft:iron_axe":1,"minecraft:spruce_slab":90,"minecraft:iron_hoe":1,"minecraft:stone_pickaxe":2,"minecraft:diamond_boots":1,"minecraft:redstone_block":3,"minecraft:netherite_scrap":3,"travelersbackpack:spider":1,"minecraft:cooked_beef":5,"minecraft:wheat":450,"minecraft:sugar":31,"minecraft:enchanting_table":1,"travelersbackpack:backpack_tank":4,"gobber2:gobber2_ring":1,"minecraft:bucket":2,"minecraft:stone_axe":6,"minecraft:glowstone":16,"minecraft:enchanted_book":12,"minecraft:bread":161,"minecraft:air":0,"gobber2:gobber2_staff_ensnarement":6,"minecraft:oak_boat":1,"minecraft:white_wool":1,"minecraft:golden_apple":9,"minecraft:wooden_axe":1,"minecraft:iron_shovel":10,"minecraft:anvil":1,"minecraft:stonecutter":1,"minecraft:white_bed":1,"minecraft:torch":300,"minecraft:diamond_chestplate":1},"minecraft:mined":{"minecraft:large_amethyst_bud":1,"minecraft:spruce_planks":18,"minecraft:white_bed":1,"minecraft:cobblestone_stairs":6,"minecraft:obsidian":7,"minecraft:brewing_stand":1,"minecraft:carved_pumpkin":6,"minecraft:budding_amethyst":6,"minecraft:granite":78,"minecraft:grass_block":125,"gobber2:gobber2_ore_deepslate":163,"gobber2:gobber2_lucky_block":57,"minecraft:hopper":37,"minecraft:spawner":23,"born_in_chaos_v1:pile_of_skulls":1,"minecraft:tall_seagrass":1,"minecraft:magma_block":17,"gobber2:gobber2_ore":27,"minecraft:iron_ore":51,"minecraft:cobbled_deepslate":11,"minecraft:fire":15,"minecraft:pumpkin":6,"minecraft:anvil":1,"minecraft:deepslate_lapis_ore":10,"minecraft:dirt_path":7,"minecraft:oak_wall_hanging_sign":5,"minecraft:small_amethyst_bud":1,"minecraft:iron_bars":10,"minecraft:iron_block":2,"minecraft:spruce_slab":1,"minecraft:orange_bed":9,"minecraft:deepslate_redstone_ore":28,"minecraft:blackstone":19,"minecraft:medium_amethyst_bud":3,"minecraft:amethyst_cluster":3,"born_in_chaos_v1:infected_deepslate_diamond_ore":1,"minecraft:torch":71,"minecraft:jungle_stairs":1,"minecraft:blast_furnace":1,"minecraft:calcite":2,"minecraft:melon":16,"gobber2:gobber2_lucky_block_nether":24,"minecraft:chest":3,"minecraft:white_stained_glass_pane":1,"minecraft:nether_quartz_ore":10,"minecraft:cobblestone":209,"minecraft:oak_planks":7,"minecraft:sugar_cane":31,"minecraft:wall_torch":58,"minecraft:amethyst_block":31,"minecraft:skeleton_skull":1,"minecraft:repeater":19,"minecraft:birch_log":6,"minecraft:wheat":133,"minecraft:tnt":34,"minecraft:yellow_stained_glass_pane":1,"minecraft:grass":334,"minecraft:oak_log":80,"minecraft:dirt":79,"minecraft:sand":124,"minecraft:smooth_basalt":1,"born_in_chaos_v1:infernal_evil_pumpkin_s":2,"minecraft:stonecutter":1,"minecraft:netherrack":582,"minecraft:ancient_debris":1,"minecraft:oak_leaves":16,"minecraft:deepslate":834,"minecraft:redstone_lamp":16,"minecraft:nether_gold_ore":28,"minecraft:tuff":81,"minecraft:mossy_cobblestone":1,"minecraft:deepslate_diamond_ore":14,"torchmaster:megatorch":2,"minecraft:lever":10,"minecraft:spruce_fence":2,"born_in_chaos_v1:black_argillite":4,"born_in_chaos_v1:fel_soil":10,"minecraft:redstone_wire":113,"minecraft:spruce_leaves":8,"born_in_chaos_v1:gnawed_bones":1,"minecraft:hay_block":50,"minecraft:spruce_sapling":1,"minecraft:furnace":4,"minecraft:carrots":101,"minecraft:andesite":153,"minecraft:gold_block":2,"minecraft:bookshelf":61,"minecraft:potatoes":118,"minecraft:deepslate_iron_ore":19,"minecraft:cobblestone_slab":143,"minecraft:vine":2,"minecraft:stripped_oak_log":18,"minecraft:packed_ice":7,"minecraft:wet_sponge":14,"minecraft:stone":1717,"minecraft:redstone_wall_torch":3,"minecraft:smithing_table":1,"minecraft:light_gray_carpet":3,"minecraft:redstone_block":5,"minecraft:glass_pane":21,"minecraft:comparator":8,"minecraft:potted_lily_of_the_valley":13,"minecraft:snow_block":3,"minecraft:basalt":14,"minecraft:stone_brick_slab":5,"minecraft:crafting_table":5,"minecraft:lectern":386,"minecraft:copper_ore":19,"minecraft:tall_grass":33,"minecraft:lapis_ore":6,"minecraft:deepslate_gold_ore":42,"minecraft:diorite":347,"minecraft:cactus":2,"minecraft:redstone_torch":26,"minecraft:ice":1,"minecraft:white_carpet":9,"minecraft:spruce_log":37,"minecraft:birch_leaves":3,"gobber2:gobber2_lucky_block_deepslate":13,"elevatorid:elevator_white":1,"minecraft:coal_ore":66,"minecraft:gravel":549,"minecraft:cobweb":6,"minecraft:stone_bricks":3,"minecraft:mossy_stone_bricks":1,"minecraft:gold_ore":25},"minecraft:killed":{"minecraft:cave_spider":2,"born_in_chaos_v1:mr_pumpkin":7,"minecraft:zombified_piglin":1,"born_in_chaos_v1:sir_the_headless":2,"born_in_chaos_v1:door_knight_not_despawn":1,"born_in_chaos_v1:pumpkin_spirit":1,"minecraft:spider":6,"minecraft:zombie_horse":2,"born_in_chaos_v1:firelight_not_despawn":1,"cataclysm:ender_golem":2,"artifacts:mimic":3,"minecraft:pig":3,"born_in_chaos_v1:diamond_termite":1,"minecraft:sheep":13,"minecraft:trader_llama":2,"minecraft:pillager":1,"minecraft:zombie":18,"minecraft:donkey":2,"minecraft:stray":11,"minecraft:cow":8,"born_in_chaos_v1:zombie_clown_not_despawn":1,"born_in_chaos_v1:skeleton_thrasher_not_despawn":3,"born_in_chaos_v1:thornshell_crab":6,"born_in_chaos_v1:maggot":6,"born_in_chaos_v1:pumpkinhead":2,"minecraft:horse":7,"born_in_chaos_v1:barrel_zombie":1,"cataclysm:nameless_sorcerer":1,"minecraft:husk":2,"born_in_chaos_v1:felsteed":2,"minecraft:rabbit":1,"minecraft:wandering_trader":1,"born_in_chaos_v1:decrepit_skeleton":2,"minecraft:enderman":2},"minecraft:used":{"gobber2:gobber2_goo":1,"minecraft:iron_shovel":2003,"minecraft:spruce_slab":19,"born_in_chaos_v1:intoxicating_decoction":1,"gobber2:gobber2_gooey_bread":22,"minecraft:shield":119,"minecraft:chest":43,"minecraft:iron_sword":200,"minecraft:stone":21,"simplyswords:diamond_twinblade":597,"gobber2:gobber2_goo_nether":6,"born_in_chaos_v1:soul_cutlass":21,"minecraft:carrot":144,"gobber2:gobber2_glass_nether":4,"minecraft:obsidian":10,"minecraft:lava_bucket":4,"minecraft:villager_spawn_egg":5,"minecraft:lantern":9,"minecraft:iron_helmet":1,"minecraft:item_frame":3,"minecraft:repeater":23,"minecraft:redstone_lamp":21,"minecraft:bow":14,"minecraft:hay_block":1,"minecraft:oak_sapling":12,"minecraft:furnace":8,"minecraft:egg":1,"minecraft:potato":165,"minecraft:oak_planks":13,"minecraft:stone_pickaxe":334,"minecraft:wooden_pickaxe":20,"minecraft:redstone_block":5,"minecraft:sugar_cane":6,"elevatorid:elevator_white":3,"minecraft:golden_apple":10,"minecraft:blast_furnace":2,"minecraft:sponge":14,"cataclysm:music_disc_the_leviathan":1,"gobber2:gobber2_gooey_bread_nether":6,"minecraft:shears":6,"minecraft:redstone_torch":44,"waystones:waystone":12,"minecraft:lever":21,"gobber2:gobber2_gooey_beefstew":1,"minecraft:melon_slice":73,"minecraft:bread":173,"gobber2:gobber2_axe":13,"minecraft:lectern":399,"minecraft:gravel":151,"minecraft:golden_helmet":1,"minecraft:smithing_table":1,"minecraft:andesite":9,"minecraft:oak_hanging_sign":19,"minecraft:oak_boat":15,"travelersbackpack:sandstone":1,"minecraft:bone_meal":117,"minecraft:oak_trapdoor":9,"minecraft:enchanting_table":1,"minecraft:flint_and_steel":48,"minecraft:stone_shovel":4,"minecraft:redstone":148,"gobber2:gobber2_pickaxe_nether":2508,"cataclysm:ender_golem_spawn_egg":2,"minecraft:netherrack":43,"minecraft:orange_bed":9,"minecraft:dirt":34,"minecraft:torch":416,"minecraft:anvil":2,"minecraft:hopper":49,"artifacts:onion_ring":1,"minecraft:iron_hoe":39,"minecraft:stone_brick_slab":149,"minecraft:wooden_axe":8,"minecraft:bookshelf":28,"minecraft:iron_axe":408,"gobber2:gobber2_gooey_apple_nether":7,"minecraft:spawner":6,"gobber2:gobber2_gooey_beef":5,"minecraft:diamond_chestplate":1,"gobber2:gobber2_staff_ensnarement":12,"minecraft:beef":4,"cataclysm:nameless_sorcerer_spawn_egg":1,"torchmaster:megatorch":6,"minecraft:cooked_beef":3,"minecraft:pumpkin":6,"minecraft:cobbled_deepslate":138,"minecraft:golden_axe":1,"minecraft:wheat_seeds":140,"minecraft:water_bucket":200,"minecraft:cobblestone_stairs":12,"gobber2:gobber2_hammer_nether":1141,"minecraft:fletching_table":4,"minecraft:stonecutter":2,"minecraft:cobblestone_slab":240,"born_in_chaos_v1:stimulating_decoction":1,"minecraft:comparator":8,"minecraft:tnt":27,"minecraft:crafting_table":8,"cataclysm:music_disc_the_harbinger":1,"minecraft:white_bed":1,"minecraft:spruce_log":15,"minecraft:oak_log":18,"minecraft:diamond_pickaxe":640,"travelersbackpack:bookshelf":1,"minecraft:iron_pickaxe":829,"minecraft:spruce_sapling":49,"minecraft:stone_axe":416,"minecraft:cobblestone":1304,"travelersbackpack:standard":14,"minecraft:cooked_porkchop":5,"minecraft:bucket":207,"minecraft:glass_pane":61,"minecraft:jukebox":1}},"DataVersion":3465}